职位名称,月薪,岗位城市,要求经验,要求学历,职位申请链接,公司名称
Python编程老师,4-8千,徐州,1年,大专,https://jobs.51job.com/all/coCWhSPlE7ATkHZwJkVjM.html,徐州市儒墨科技有限公司
Python开发工程师,5-7千,广州·番禺区,2年,大专,https://jobs.51job.com/all/coBGVRNlEyATgBYwNhAmc.html,广州云纳信息科技有限公司
Python开发工程师,1-1.8万,武汉·汉阳区,3-4年,大专,https://jobs.51job.com/all/coUTNVNVMyBzAOaFY0VTM.html,武汉邻盛智能设备有限公司
Python开发工程师,1-1.5万·13薪,武汉·洪山区,3-4年,本科,https://jobs.51job.com/all/coA2JTNl4_DzIFYgFlAmc.html,中审世纪工程造价咨询（北京）有限公司
Python开发工程师,1.2-2万,南京·溧水区,2年,本科,https://jobs.51job.com/all/coAmVdPgdhBT1TNQRiAWQ.html,上海优宁维生物科技股份有限公司
Python开发工程师,1.2-2.4万,上海,3-4年,大专,https://jobs.51job.com/all/coAWVTMlIyADwHYlAxXD4.html,上海才扬软件科技有限公司
Python开发工程师,1-2万,深圳·龙华区,3-4年,大专,https://jobs.51job.com/all/coUzYAbVU3AjVTNw1uAGU.html,深圳铭达康科技有限公司
Python开发工程师,8千-1.2万,广州,1年,大专,https://jobs.51job.com/all/coAWQFYAVhBjAObgBnUz8.html,佛山键讯科技有限公司
python开发工程师,18-36万/年,杭州·余杭区,3-4年,本科,https://jobs.51job.com/all/coAWFXNFU0ADkPYlM2.html,浙江省公众信息产业有限公司
Python开发工程师,8千-1万,广州·荔湾区,2年,大专,https://jobs.51job.com/all/coB2VQNANoBz4EYFQ-VTM.html,广州外宝电子商务有限公司
Python开发工程师,1.6-3.2万,武汉,3-4年,本科,https://jobs.51job.com/all/coA2IAbFM5UmlWOlE2UTQ.html,北京鼎腾科技有限公司
Python开发工程师,8千-1.5万,北京·昌平区,3-4年,本科,https://jobs.51job.com/all/coBmNQMlIwBDoAbFQwVzo.html,北京芯同汇科技有限公司
Python开发工程师,7千-1万·13薪,上海·杨浦区,无需经验,大专,https://jobs.51job.com/all/coVTFWNlExVmpTP1M3BmY.html,上海安可科技股份有限公司
Python开发工程师,1-1.5万,上海·闵行区,1年,本科,https://jobs.51job.com/all/coCWxTMwdsU2sBZlExAWU.html,上海讯析电子科技有限公司
Python开发工程师,1.6-3.2万,深圳,3-4年,本科,https://jobs.51job.com/all/coA2IAbFM5UmlWOlE2UTQ.html,北京鼎腾科技有限公司
Python开发工程师,9千-1.8万,武汉·洪山区,3-4年,本科,https://jobs.51job.com/all/coVTRSMlQ2BD4DYgZsAmY.html,武汉模鼎科技有限公司
Python开发工程师,1.2-1.6万·13薪,杭州·滨江区,3-4年,本科,https://jobs.51job.com/all/coBWVWNAJhDzkGZQNjBmc.html,中控海洋装备（浙江）有限公司
Python开发工程师,8千-1.2万·13薪,北京,2年,本科,https://jobs.51job.com/all/coUzcCZgJgBToAYwVnAmY.html,北京聚源锐思数据科技有限公司
Python开发工程师,1.6-3.2万,西安,3-4年,本科,https://jobs.51job.com/all/coA2IAbFM5UmlWOlE2UTQ.html,北京鼎腾科技有限公司
Python开发工程师,1.2-1.8万,广州·海珠区,3-4年,本科,https://jobs.51job.com/all/coVjVdOwVmDzECYQJkXD4.html,深圳市睿服科技有限公司
Python开发工程师,9千-1.1万,广州·白云区,3-4年,大专,https://jobs.51job.com/all/coAmdTMwBmVGpWMQ1vAmQ.html,广州泓聆信息科技有限公司
Python开发工程师,1-1.5万,成都·高新区,3-4年,本科,https://jobs.51job.com/all/coB2RcPl8_VW9SMgJnUzM.html,成都思腾数联信息技术有限公司
python开发工程师,1.5-3万·14薪,上海,3-4年,本科,https://jobs.51job.com/all/coUjZSMVAwU25UMgBqVDQ.html,上海泛微网络科技股份有限公司
Python,7千-1.2万,苏州·虎丘区,2年,本科,https://jobs.51job.com/all/coAmMCZAdlVmBRNgNgVjU.html,江苏锦中控股集团有限公司
高级python,1.8-2.5万,深圳·南山区,3-4年,本科,https://jobs.51job.com/all/coAWRTP1YzUWwCYlcxUDA.html,衍生（深圳）投资基金管理有限公司
Python后端开发工程师,12-20万/年,苏州·相城区,2年,本科,https://jobs.51job.com/all/coVjcBYVI5UWsOb1Q2UjQ.html,长三角先进材料研究院
Python开发工程师,1.5-2.5万,南京·建邺区,1年,本科,https://jobs.51job.com/all/coUzZdMANmVG1TMlM1VzQ.html,万得信息技术股份有限公司
Python开发,1.3-1.5万,深圳·南山区,3-4年,本科,https://jobs.51job.com/all/coBWACZV44BDgOaVE6XT4.html,成都迈思信息技术有限公司
Python后端开发,2-2.8万,深圳·宝安区,8-9年,本科,https://jobs.51job.com/all/coAWNRNVI3VWlUMgxpVzY.html,深圳市双盈电子科技有限公司
Python全栈工程师,1.2-2万·13薪,深圳·宝安区,2年,本科,https://jobs.51job.com/all/coA2dSMQBmADZWNFAyAWw.html,深圳市华净科技有限公司
Python后台Web开发工程师,8千-1.2万,西安·碑林区,3-4年,大专,https://jobs.51job.com/all/coVDcFaVQ1ADgCZgZlXTs.html,西安卓易软件科技有限公司
Python工程师,2.5-3.5万,大连·高新园区,3-4年,本科,https://jobs.51job.com/all/coVTZUMwBmVGsGYAJhUzE.html,北京政通仁和建材有限公司
Python高级开发工程师,1-1.5万,苏州·姑苏区,3-4年,大专,https://jobs.51job.com/all/coBmNUOQdtDzdRNwJnXDg.html,北京和牧兴邦网络技术有限公司
高级软件工程师（Python）,1.2-2万,深圳,5-7年,本科,https://jobs.51job.com/all/coB2JRN1ExDzdTMlc2UDY.html,傲讯全通科技（深圳）有限公司
Python工程师,8千-1.2万,北京·海淀区,2年,本科,https://jobs.51job.com/all/coB2RQNlYzVmEPa1EwXDo.html,北京中外翻译咨询有限公司
Python工程师,2.5-3.5万,大连·高新园区,3-4年,本科,https://jobs.51job.com/all/coVTZUMwBmVGsGYAJhUzE.html,北京政通仁和建材有限公司
Python（开发/算法）,1-2万,深圳·龙岗区,1年,本科,https://jobs.51job.com/all/coA2cCY1cxBj1UNlAyB2Y.html,中软国际科技服务有限公司
Python后端开发工程师,1.5-1.7万,广州·天河区,2年,大专,https://jobs.51job.com/all/coVjdTMAVjBjsHagxnAWM.html,点米（北京）科技有限公司深圳分公司
Python开发实习生,5-7千,贵阳,1年,大专,https://jobs.51job.com/all/coVDVWNl44VW0DYwRuVzA.html,贵州玉珏网络技术服务有限责任公司
Python工程师,2.5-3.5万,大连·高新园区,3-4年,本科,https://jobs.51job.com/all/coVTZUMwBmVGsGYAJhUzE.html,北京政通仁和建材有限公司
后端 Python 工程師,1-2万,深圳·福田区,1年,大专,https://jobs.51job.com/all/coVTQGZwNpU2lTPgxqAW0.html,爱奇蒙信息科技（深圳）有限公司
Python后端开发工程师,1-1.2万·18薪,苏州,2年,硕士,https://jobs.51job.com/all/coAWYFZAVnAz0DZAFrVjE.html,中达电子（江苏）有限公司
AI人工智能开发工程师（Python）,1.4-2万,武汉·洪山区,3-4年,本科,https://jobs.51job.com/all/coUTFUNAJgVWkCYlQwVzY.html,北京联动北方科技有限公司
高级Python开发工程师,2-4万·13薪,上海,5-7年,本科,https://jobs.51job.com/all/coUzZQMQJjVm0GZANn.html,格科微电子（上海）有限公司
Python工程师,1.3-1.8万,广州·黄埔区,1年,硕士,https://jobs.51job.com/all/coA2dQM1EzAzUAZ1MwB2E.html,广州市埃特斯通讯设备有限公司
Python开发工程师,1.5-2万·13薪,北京·海淀区,2年,本科,https://jobs.51job.com/all/coB2MGZVAyADkOaQJgUTY.html,北京华泰德丰技术有限公司
Python、c++开发工程师,8千-1.5万,上海·闵行区,2年,大专,https://jobs.51job.com/all/coVTVcMFQxDjRWNwFmXTA.html,上海丰乘电子科技有限公司
Python开发后端工程师,1.1-1.9万,苏州,2年,本科,https://jobs.51job.com/all/coUjJcMFUyDzdTMgZmUTA.html,苏州沃时数字科技有限公司
Python工程师,1.3-1.8万,广州·黄埔区,1年,硕士,https://jobs.51job.com/all/coA2dQM1EzAzUAZ1MwB2E.html,广州市埃特斯通讯设备有限公司
python软件开发工程师（PYTHON）,6-8千·13薪,广州·黄埔区,1年,大专,https://jobs.51job.com/all/coUTBQMVQxUmUCYwFjUTw.html,广州易学科技有限公司
Python开发工程师,2-3万,江门·鹤山市,5-7年,大专,https://jobs.51job.com/all/coBGVWN1A1U2hWMwxqVzE.html,迪立美运动服饰（鹤山）有限公司
高级Python开发工程师,1.8-2.5万·13薪,北京·海淀区,5-7年,本科,https://jobs.51job.com/all/coB2MGZVAyADkOaQJgUTY.html,北京华泰德丰技术有限公司
Python研发工程师,18-30万/年,苏州·苏州工业园区,2年,本科,https://jobs.51job.com/all/coVDFUMVQ_UWsBbVQzUD0.html,苏州工业园区测绘地理信息有限公司
Python开发工程师,9千-1.5万,深圳·福田区,3-4年,大专,https://jobs.51job.com/all/coAmNSNgJoAjpVMwZmVDU.html,深圳市科柏信息技术有限公司
Python爬虫开发工程师,1-2万,武汉·江夏区,3-4年,大专,https://jobs.51job.com/all/coBmcAYwBgAz8DY1c1UDU.html,武汉君行企业服务有限公司
python开发工程师/odoo开发工程师,8千-1万,上海·杨浦区,1年,本科,https://jobs.51job.com/all/coA2JTNFYzAjoCYgxuAmI.html,上海开源智造软件有限公司
Python研发工程师(J10097),18-30万/年,苏州·苏州工业园区,2年,本科,https://jobs.51job.com/all/coVDFUMVQ_UWsBbVQzUD0.html,苏州工业园区测绘地理信息有限公司
Python,100元/天,烟台,无需经验,本科,https://jobs.51job.com/all/coAmMGalQxU2RSMARmVTc.html,千衍星（烟台）信息科技有限责任公司
Python工程师,1.2-1.8万,北京,2年,本科,https://jobs.51job.com/all/coAmNUNgJoDzVTPwxqUjU.html,北京猿链网络科技有限公司
技术工程师（python）,1-1.2万·13薪,上海·闵行区,1年,硕士,https://jobs.51job.com/all/coCGhRNV84Um8PbwZjUDw.html,晶程甲宇科技（上海）有限公司
